vjdbv0.3_field_id	vjdbv0.3_name	vjdbv0.3_description	vjdbv0.3_privacy	vjdbv0.3_tags
insdc_accession_id	Accession	GenBank Accession ID = NCBI Accession, ENA, DDBJ (INSDC)	public	"[""NCBI Virus"", ""BV-BRC"", ""Organizational"", ""Identifiers""]"
assembly_accession_id	Assembly Accession	Assembly ID of the sequence (INSDC)	public	"[""NCBI Virus"", ""BV-BRC"", ""Organizational"", ""ENA Analysis"", ""VJDB Analysis"", ""Identifiers""]"
bioproject_accession_id	Bioproject Accession	References the BioProject Accession (ID) (INSDC)	public	"[""ENA"", ""NCBI Virus"", ""BV-BRC"", ""Organizational"", ""ENA Study"", ""Identifiers""]"
biosample_accession_id	Biosample Accession	References the BioSample Accession (ID) (INSDC)	public	"[""ENA"", ""MIGS-VI"", ""NCBI Virus"", ""BV-BRC"", ""Organizational"", ""ENA Sample"", ""VJDB Sample"", ""Identifiers""]"
collection_date	Collection Date	Date when the sample was collected	public	"[""ENA"", ""RKI"", ""MIGS-VI"", ""NCBI Virus"", ""BV-BRC"", ""ENA ERC32"", ""ENA ERC33"", ""Sample"", ""ENA Sample"", ""VJDB Sample"", ""Collection""]"
collection_country	Country	Country or sea area where the sample was collected	public	"[""ENA"", ""MIGS-VI"", ""NCBI Virus"", ""BV-BRC"", ""ENA ERC32"", ""ENA ERC33"", ""Sample"", ""ENA Sample"", ""VJDB Sample""]"
sequence_title	GenBank Title	Title name of the sequnce based on GenBank entry	internal	"[""NCBI Virus"", ""Sample"", ""Sequence""]"
is_genbank_sequence	GenBank Sequence	This sequence is a GenBank sequence	public	"[""NCBI Virus"", ""Sample"", ""Sequence""]"
is_reference_sequence	Reference Sequence	This sequence is a reference sequence	public	"[""NCBI Virus"", ""BV-BRC"", ""Sample"", ""Sequence""]"
collection_city	City	City where the sample was collected	public	"[""ENA"", ""NCBI Virus"", ""Sample""]"
collection_geo_location	Collection Geo Location	Name of the country may contain the state name	public	"[""NCBI Virus"", ""BV-BRC"", ""ENA ERC32"", ""ENA ERC33"", ""Sample"", ""ENA Sample"", ""VJDB Sample""]"
host_natural_common_name	Host Common Name	Common name of the natural host, e.g. human	public	"[""ENA"", ""NCBI Virus"", ""BV-BRC"", ""ENA ERC32"", ""ENA ERC33"", ""Sample"", ""ENA Sample"", ""VJDB Sample"", ""Host""]"
sequence_length	Sequence Length	Length of the sequence	public	"[""NCBI Virus"", ""BV-BRC"", ""Sample"", ""Sequence""]"
molecule_type	Molecule Type	Molecule of the sequence, e.g. ssRNA	public	"[""ENA"", ""NCBI Virus"", ""Sample"", ""Virus""]"
sequence_completeness	Genome Completeness	Wether the sequence is a partial or complete sequence	public	"[""NCBI Virus"", ""Sample"", ""Sequence""]"
sequence_completeness_percentage	Genome Completeness Percentage	The level of the sequence completeness compare to the representative sequence in refseq in percentage	internal	"[""Sample"", ""Sequence""]"
organism_name	Organism Name	Gen Bank organism name, a taxonomic name at species level or below the species level.	public	"[""NCBI Virus"", ""Sample"", ""Virus""]"
submitter_organization	Submitter Organization	Organization the submitter(s) is(are) affiliated with	public	"[""NCBI Virus"", ""Organizational"", ""VJDB Study"", ""Submission""]"
sequence_repository_release_date	Release Date	Date when the sequence was released into a repository (GenBank, BV-BRC)	public	"[""RKI"", ""NCBI Virus"", ""Organizational""]"
sequence_segment_name	Segment Name	Name of the virus segment	public	"[""NCBI Virus"", ""Sample"", ""Virus"", ""Sequence""]"
sra_accession_id	SRA Accession	NCBI Sequence Read Archive (SRA) accession ID	public	"[""NCBI Virus"", ""BV-BRC"", ""Organizational"", ""Identifiers""]"
submitter	Submitter	Submitter of the sequence	public	"[""NCBI Virus"", ""Organizational"", ""VJDB Study"", ""Submission""]"
collection_source_host_tissue	Collection Source Host Tissue	Tissue that was selected from the host	public	"[""ENA"", ""RKI"", ""MIGS-VI"", ""NCBI Virus"", ""ENA ERC32"", ""ENA ERC33"", ""Sample"", ""ENA Sample"", ""VJDB Sample"", ""Collection""]"
ncbi_usa	NCBI USA	State/Region where the sample was collected 	internal	"[""NCBI Virus"", ""Sample"", ""Collection""]"
analysis_accession_id	Analysis Accession	ENA analysis identifier	internal	"[""ENA"", ""Organizational"", ""ENA Analysis"", ""VJDB Analysis"", ""Identifiers""]"
assembly_level	Assembly Level	Assembly level (contig, scaffold, chromosome, complete genome)	internal	"[""ENA"", ""Analysis"", ""ENA Analysis"", ""VJDB Analysis"", ""Sequence""]"
assembly_min_gap_length	Min Gap Length	Minimum length of consecutive Ns to be considered a gap	internal	"[""ENA"", ""Analysis"", ""ENA Analysis"", ""VJDB Analysis"", ""Sequence""]"
assembly_program	Assembly Program	The assembly program	internal	"[""ENA"", ""MIGS-VI"", ""BV-BRC"", ""Analysis"", ""ENA Analysis"", ""VJDB Analysis"", ""Sequence""]"
assembly_type	Assembly Type	‘clone or isolate’	internal	"[""ENA"", ""Analysis"", ""ENA Analysis"", ""VJDB Analysis"", ""Sequence""]"
bvbrc_accession_id	BVBRC Accession	BV-BRC genome ID	public	"[""BV-BRC"", ""Organizational"", ""Identifiers"", ""Sequence""]"
collecting_institute	Collecting Organization	Name of the institution to which the person collecting the specimen belongs	internal	"[""ENA"", ""ENA ERC32"", ""ENA ERC33"", ""Sample"", ""ENA Sample"", ""VJDB Sample"", ""Collection""]"
collection_host_health_state	Host Health State	Health state of the host at the time of collection, e.g. diseased or healthy	internal	"[""ENA"", ""ENA ERC32"", ""ENA ERC33"", ""Sample"", ""ENA Sample"", ""VJDB Sample"", ""Collection"", ""Host""]"
collection_location_latitude	Latitude	The geographic location by latitude, where the sample was collected (DD)	internal	"[""ENA"", ""MIGS-VI"", ""ENA ERC32"", ""ENA ERC33"", ""Sample"", ""ENA Sample"", ""VJDB Sample"", ""Collection""]"
collection_location_longitude	Longitude	The geographic location by longitude, where the sample was collected (DD)	internal	"[""ENA"", ""MIGS-VI"", ""ENA ERC32"", ""ENA ERC33"", ""Sample"", ""ENA Sample"", ""VJDB Sample"", ""Collection""]"
collection_region	Collection Region	Continent where the sample was collected	internal	"[""Sample"", ""Collection""]"
collection_source_environment	Collection Source Environment	Describes the physical, environmental or local geographical source of the sample, e.g. soil	internal	"[""ENA"", ""MIGS-VI"", ""ENA ERC32"", ""ENA ERC33"", ""Sample"", ""ENA Sample"", ""VJDB Sample"", ""Collection""]"
collector_name	Collector Name	Name of the person that collected the sample	internal	"[""ENA"", ""ENA ERC32"", ""ENA ERC33"", ""Sample"", ""ENA Sample"", ""VJDB Sample"", ""Collection""]"
cutoff_for_seropositive_sample	Cutoff for Seropositive Sample	CORONA: The cuttoff used to determine if the sample is seropositive	internal	"[""ENA"", ""ENA ERC32"", ""ENA ERC33"", ""Sample"", ""ENA Sample"", ""VJDB Sample"", ""Clinical""]"
experiment_accession_id	Experiment Accession	References a ENA assembly to an ENA Experiment (could be redundant with Run)	internal	"[""ENA"", ""Organizational"", ""Identifiers""]"
host_behaviour	Host Behaviour	Natural behaviour of the host	internal	"[""ENA"", ""ENA ERC32"", ""ENA ERC33"", ""Sample"", ""ENA Sample"", ""VJDB Sample"", ""Clinical"", ""Host""]"
host_disease	Host Disease	Main host disease diagnosis	internal	"[""Sample"", ""Clinical"", ""Host""]"
host_disease_outcome	Host Disease Outcome	Disease outcome in the host	internal	"[""ENA"", ""ENA ERC32"", ""ENA ERC33"", ""Sample"", ""ENA Sample"", ""VJDB Sample"", ""Clinical"", ""Host""]"
host_disease_symptoms	Host Disease Symptoms	The symptoms that have been reported in relation to the illness, such as cough, diarrhea, fever, headache, malaise, myalgia, nausea, runny_nose, shortness_of_breath, sore_throat. If multiple exposures are applicable, please state them separated by semicolon.	internal	"[""ENA"", ""Sample"", ""Clinical"", ""Host""]"
host_group	Host Group	Taxonomic group of the host	public	"[""BV-BRC"", ""Sample"", ""Host""]"
host_habitat	Host Habitat	Natural habitat of the avian or mammalian host	internal	"[""ENA"", ""ENA ERC32"", ""ENA ERC33"", ""Sample"", ""ENA Sample"", ""VJDB Sample"", ""Host""]"
host_lab_common_name	Lab Host Common Name	BVBRC Lab Host; common name of the lab host	private	"[""BV-BRC"", ""Sample"", ""Host""]"
host_lab_ncbi_tax_id	Lab Host NCBI Tax ID	NCBI Tax ID of the lab host	private	"[""MIGS-VI"", ""Sample"", ""Host""]"
host_lab_scientific_name	Lab Host Species	Species of the lab host. Scientific name of the host	private	"[""ENA"", ""MIGS-VI"", ""Sample"", ""Host""]"
host_natural_scientific_name	Host Species	Species of the natural host. Scientific name of the host	public	"[""ENA"", ""MIGS-VI"", ""BV-BRC"", ""ENA ERC32"", ""ENA ERC33"", ""Sample"", ""ENA Sample"", ""VJDB Sample"", ""Host""]"
host_ncbi_tax_id	Host NCBI Tax ID	NCBI Tax ID of the natural host	internal	"[""MIGS-VI"", ""ENA ERC33"", ""Sample"", ""ENA Sample"", ""VJDB Sample"", ""Host"", ""NCBI Taxonomy""]"
host_sex	Host Sex	Sex of the host	public	"[""ENA"", ""BV-BRC"", ""ENA ERC32"", ""ENA ERC33"", ""Sample"", ""ENA Sample"", ""VJDB Sample"", ""Clinical"", ""Host""]"
host_subject_id	Host Subject ID	Unique ID by which singular subjects can be referred to	internal	"[""ENA"", ""ENA ERC32"", ""ENA ERC33"", ""Sample"", ""ENA Sample"", ""VJDB Sample"", ""Clinical "", ""Host""]"
influenza_test_method	Influenza Test Method	INFLUENZA: Method used to assess if a sample if flu positive/negative. When multiple once were used they are seperated by semicolon	internal	"[""ENA"", ""ENA ERC32"", ""Sample"", ""ENA Sample"", ""VJDB Sample"", ""Clinical "", ""Host""]"
influenza_test_result	Influenza Test Result	INFLUENZA: Result of the given methods. Positive(P) or Negative(N). For multiple test the results are delimited by semicolon, e.g. P; P	internal	"[""ENA"", ""ENA ERC32"", ""Sample"", ""ENA Sample"", ""VJDB Sample"", ""Clinical "", ""Host""]"
influenza_virus_type	Influenza Virus Type	INFLUENZA: Influenza virus classification	internal	"[""ENA"", ""ENA ERC32"", ""Sample"", ""ENA Sample"", ""VJDB Sample"", ""Clinical "", ""Host""]"
is_bvbrc	BVBRC Sequence	"Boolean flag -- if record is in the BVRC then ""yes"""	public	"[""Organizational"", ""Sequence""]"
other_pathogens_test_result	Other Pathogens Test Result	INFLUENZA: The test result for other tested pathogens given as described by influenza test result	internal	"[""ENA"", ""ENA ERC32"", ""Sample"", ""ENA Sample"", ""VJDB Sample"", ""Clinical "", ""Host""]"
other_pathogens_tested	Other Pathogens Tested	INFLUENZA: Was the sample tested for other pathogens? Insert the pathogenic organisms using semicolon as a delimiter, e.g. Newcastle. “None” is also valid	internal	"[""ENA"", ""ENA ERC32"", ""Sample"", ""ENA Sample"", ""VJDB Sample"", ""Clinical "", ""Host""]"
pangolin_lineage	Pangolin Lineage	Lineage determined by Pangolin	public	"[""RKI"", ""BV-BRC"", ""Analysis"", ""Sequence""]"
pangolin_version	Pangolin Version	Pangolin version used to determine the lineage	internal	"[""RKI"", ""Analysis"", ""Sequence""]"
receipt_date	Receipt Date	If the sample was only received and not collected provide the receipt date	internal	"[""ENA"", ""ENA ERC32"", ""ENA ERC33"", ""Sample"", ""ENA Sample"", ""VJDB Sample""]"
rki_sequence_id	RKI Accession	RKI ID to link sequence and metadata	internal	"[""RKI"", ""Organizational"", ""Identifiers""]"
run_accession_id	Run Accession	References a ENA assembly to an ENA Run	internal	"[""ENA"", ""Organizational"", ""Identifiers""]"
sample_ncbi_tax_id	NCBI SpeciesTax ID	NCBI Tax ID of the sample species	public	"[""ENA"", ""MIGS-VI"", ""BV-BRC"", ""ENA ERC32"", ""ENA ERC33"", ""Sample"", ""ENA Sample"", ""VJDB Sample"", ""Virus "", ""NCBI Taxonomy""]"
sample_serotype	Serotype	Serological variety of a species characterised by its antigenic properties, e.g. H1N1	internal	"[""ENA"", ""MIGS-VI"", ""ENA ERC32"", ""ENA ERC33"", ""Sample"", ""ENA Sample"", ""VJDB Sample"", ""Clinical""]"
sample_species_name_abbreviation	Abbreviation	Common abbreviations of the species name		"[""Sample"", ""Virus""]"
sample_species_tax_id	Sample Species Tax ID	NCBI Tax ID of the species		"[""Sample"", ""Virus"", ""NCBI Taxonomy""]"
sequence_average_depth_coverage	Average Depth	Average sequencing depth across the sequence	public	"[""ENA"", ""BV-BRC"", ""Analysis"", ""Sequence""]"
sequence_gc_content	GC Content	Percentage of GC in the sequence	public	"[""BV-BRC"", ""Analysis"", ""Sequence""]"
sequence_length_coverage	Length Coverage	Percentage of Ns within the whole sequence		"[""MIGS-VI"", ""Analysis"", ""Sequence""]"
sequence_name	Sequence Name	Generic name of the sequence (Name of the entry)	internal	"[""MIGS-VI"", ""BV-BRC"", ""Analysis"", ""Sequence""]"
sequence_number_of_contigs	Number of Contigs	Number of contigs in the sequence		"[""MIGS-VI"", ""Analysis"", ""Sequence""]"
sequence_publication_doi	Publication DOI	Sequence publication doi	internal	"[""MIGS-VI"", ""Organizational""]"
sequence_pubmed_id	Pubmed Accession	Sequence publication pubmed ID	internal	"[""MIGS-VI"", ""BV-BRC"", ""Organizational"", ""Identifiers""]"
sequence_update_date	Update Date	Last update date of the sequence in BVBRC (whole entry)	public	"[""BV-BRC"", ""Organizational"", ""Sequence""]"
sequence_version	Sequence Version	Version of the sequence (whole entry)		"[""RKI"", ""Organizational"", ""Sequence""]"
sequencing_center	Sequencing Center	Institution that sequenced the sample	public	"[""BV-BRC"", ""Organizational"", ""Sequence""]"
sequencing_insert_size	Insert Size	Insert size for paired reads	internal	"[""ENA"", ""ENA ERC32"", ""ENA ERC33"", ""Analysis"", ""ENA Experiment"", ""VJDB Experiment"", ""Sequencing""]"
sequencing_instrument	Instrument	Instrument model used for sequencing	internal	"[""ENA"", ""MIGS-VI"", ""ENA ERC32"", ""ENA ERC33"", ""Analysis"", ""ENA Experiment"", ""VJDB Experiment"", ""Sequencing""]"
sequencing_library_construction_protocol	Library Construction Protocol	The protocol used to construct the library.	internal	"[""ENA"", ""ENA ERC32"", ""ENA ERC33"", ""Analysis"", ""ENA Experiment"", ""VJDB Experiment"", ""Sequencing""]"
sequencing_library_description	Library Description	The design of the library including details of how it was constructed.	internal	"[""ENA"", ""ENA ERC32"", ""ENA ERC33"", ""Analysis"", ""ENA Experiment"", ""VJDB Experiment"", ""Sequencing""]"
sequencing_library_layout	Library Layout	The library layout specifies whether to expect single or paired configuration of reads.	internal	"[""ENA"", ""MIGS-VI"", ""ENA ERC32"", ""ENA ERC33"", ""Analysis"", ""ENA Experiment"", ""VJDB Experiment"", ""Sequencing""]"
sequencing_library_name	Library Name	The name for the library if any.	internal	"[""ENA"", ""ENA ERC32"", ""ENA ERC33"", ""Analysis"", ""ENA Experiment"", ""VJDB Experiment"", ""Sequencing""]"
sequencing_library_selection	Library Selection	The method used to select for or against, enrich, or screen the material being sequenced.	internal	"[""ENA"", ""MIGS-VI"", ""ENA ERC32"", ""ENA ERC33"", ""Analysis"", ""ENA Experiment"", ""VJDB Experiment"", ""Sequencing""]"
sequencing_library_source	Library Source	The library_source specifies the type of source material that is being sequenced.	internal	"[""ENA"", ""ENA ERC32"", ""ENA ERC33"", ""Analysis"", ""ENA Experiment"", ""VJDB Experiment"", ""Sequencing""]"
sequencing_library_strategy	Library Strategy	The sequencing technique intended for this library.	internal	"[""ENA"", ""ENA ERC32"", ""ENA ERC33"", ""Analysis"", ""ENA Experiment"", ""VJDB Experiment"", ""Sequencing""]"
sequencing_platform	Platform	Instrument platform used for sequencing, multiple are seperated (only for assemblys)	public	"[""ENA"", ""RKI"", ""BV-BRC"", ""ENA ERC32"", ""ENA ERC33"", ""Analysis"", ""ENA Experiment"", ""VJDB Experiment"", ""Sequencing""]"
sequencing_reason	Sequencing Reason	Why was the sample sequenced?		"[""ENA"", ""RKI"", ""Analysis"", ""Sequencing""]"
source_metadata_db	Source Metadata DB	The name of the database where the sequence was originally released	public	"[""Organizational"", ""Source""]"
submitter_country	Submitter Country	Country of the submmiter institute	public	"[""NCBI Virus"", ""Sample"", ""VJDB Study"", ""Submission""]"
submitter_region	Submitter Region	Country or location of the organization of the submitters.	public	"[""Sample"", ""Submission""]"
virjen_id	VirJenDB Accession	VirJenDB sequence ID	public	"[""Organizational"", ""Sequence""]"
virjen_version	VirJenDB Version	VirJenDB metadata version	public	"[""Organizational"", ""Sequence""]"
virus_id	Virus ID	Unique ID given by the investigator as strain might not be unique	internal	"[""ENA"", ""RKI"", ""ENA ERC32"", ""ENA ERC33"", ""Organizational"", ""ENA Sample"", ""VJDB Sample"", ""Virus""]"
antiviral_treatment	Antiviral Treatment	(Optional) Antiviral treatment used for this subject, such as zanamavir oseltamivir, amantadine. example: rimantadine	internal	"[""ENA ERC32"", ""ENA Sample"", ""VJDB Sample""]"
antiviral_treatment_dosage	Antiviral Treatment Dosage	(Optional) Dosage of the treatment taken by the subject. example: 0.05 mg	internal	"[""ENA ERC32"", ""ENA Sample"", ""VJDB Sample""]"
antiviral_treatment_duration	Antiviral Treatment Duration	(Optional) Duration of antiviral treatment after onset of clinical symptoms in days.example: 5	internal	"[""ENA ERC32"", ""ENA Sample"", ""VJDB Sample""]"
antiviral_treatment_initiation	Antiviral Treatment Initiation	(Optional) Initiation of antiviral treatment after onset of clinical symptoms in days. example: 2.5	internal	"[""ENA ERC32"", ""ENA Sample"", ""VJDB Sample""]"
file_format	File Format	(Mandatory) The run data file model.	private	"[""ENA ERC32"", ""ENA ERC33"", ""ENA Run"", ""VJDB Run""]"
file_name	File Name	(Mandatory) The name or relative pathname of a run data file.	private	"[""ENA ERC32"", ""ENA ERC33"", ""ENA Run"", ""VJDB Run""]"
gravidity	Gravidity	(Optional) Whether or not the subject is gravid. if so, report date due or date post-conception and specify which of these two dates is being reported.	internal	"[""ENA ERC32"", ""ENA ERC33"", ""ENA Sample"", ""VJDB Sample""]"
hospitalisation	Hospitalisation	(Optional) Was the subject confined to a hospital as a result of virus infection or problems occurring secondary to virus infection?	internal	"[""ENA ERC32"", ""ENA ERC33"", ""ENA Sample"", ""VJDB Sample""]"
host_description	Host Description	(Optional) Other descriptive information relating to the host.	internal	"[""ENA ERC32"", ""ENA ERC33"", ""ENA Sample"", ""VJDB Sample""]"
illness_duration	Illness Duration	(Optional) The number of days the illness lasted. example: 4	internal	"[""ENA ERC32"", ""ENA ERC33"", ""ENA Sample"", ""VJDB Sample""]"
illness_onset_date	Illness Onset Date	(Optional) Date the subject showed an onset of symptoms. format: yyyy-mm-dd. example: 2011-10-20	internal	"[""ENA ERC32"", ""ENA Sample"", ""VJDB Sample""]"
illness_symptoms	Illness Symptoms	(Optional) The symptoms that have been reported in relation to the illness, such as cough, diarrhea, fever, headache, malaise, myalgia, nausea, runny_nose, shortness_of_breath, sore_throat. if multiple exposures are applicable, please state them separated by semicolon.	internal	"[""ENA ERC32"", ""ENA ERC33"", ""ENA Sample"", ""VJDB Sample""]"
influenza_strain_unique_number	Influenza Strain Unique Number	(Optional) Unique number of the strain which is reported as a part of the influenza strain name, such as a/chicken/fujian/411/2002(hxn1). format: integer number, example: 411	internal	"[""ENA ERC32"", ""ENA Sample"", ""VJDB Sample""]"
influenza_vaccination_date	Influenza Vaccination Date	(Optional) Date that the influenza vaccination was administered to the subject over the past year. format: yyyy-mm-dd. example: 2007-05-12	internal	"[""ENA ERC32"", ""ENA Sample"", ""VJDB Sample""]"
influenza_vaccination_type	Influenza Vaccination Type	(Optional) Influenza vaccinations that have been administered to the subject over the last year. example: 2009 h1n1 flumist	internal	"[""ENA ERC32"", ""ENA Sample"", ""VJDB Sample""]"
influenza_like_illness_at_the_time_of_sample_collection	Influenza-like Illness at the Time of Sample Collection	(Optional) Is the subject at the time of sample collection considered to have influenza like illness?	internal	"[""ENA ERC32"", ""ENA Sample"", ""VJDB Sample""]"
inoculation_dose	Inoculation Dose	(Optional) Dose used for the inoculoation experiment.	internal	"[""ENA ERC32"", ""ENA Sample"", ""VJDB Sample""]"
inoculation_route	Inoculation Route	(Optional) Brief description of the protocol inoculation route.	internal	"[""ENA ERC32"", ""ENA Sample"", ""VJDB Sample""]"
inoculation_stock_availability	Inoculation Stock Availability	(Optional) Is the virus stock used for the inoculation available?	internal	"[""ENA ERC32"", ""ENA Sample"", ""VJDB Sample""]"
lineage_swl	Lineage: SWL (Required for H1N1 Viruses)	(Optional) Does the h1n1 influenza virus originate from a swine-like outbreak (as opposed to a seasonal flu)?	internal	"[""ENA ERC32"", ""ENA Sample"", ""VJDB Sample""]"
meaning_of_cut_off_value	Meaning of Cut Off Value	(Optional) Description helping to explain what the cut off value means.	internal	"[""ENA ERC32"", ""ENA Sample"", ""VJDB Sample""]"
number_of_inoculated_individuals	Number of Inoculated Individuals	(Optional) Number of host individuals inoculated for the experiment.	internal	"[""ENA ERC32"", ""ENA Sample"", ""VJDB Sample""]"
personal_protective_equipment	Personal Protective Equipment	(Optional) Use of personal protective equipment, such as gloves, gowns, during any type of exposure. example: mask	internal	"[""ENA ERC32"", ""ENA ERC33"", ""ENA Sample"", ""VJDB Sample""]"
sample_capture_status	Sample Capture Status	(Recommended) Reason for the sample collection.	internal	"[""ENA ERC32"", ""ENA ERC33"", ""ENA Sample"", ""VJDB Sample""]"
sample_storage_conditions	Sample Storage Conditions	(Optional) Conditions at which sample was stored, usually storage temperature, duration and location. in soil context: explain how and for how long the soil sample was stored before dna extraction (fresh/frozen/other).	internal	"[""ENA ERC32"", ""ENA ERC33"", ""ENA Sample"", ""VJDB Sample""]"
sample_description	Sample Description	(Optional) Free-form text describing the sample, its origin, and its method of isolation.	internal	"[""ENA ERC32"", ""ENA ERC33"", ""ENA Sample"", ""VJDB Sample""]"
source_of_vaccination_information	Source of Vaccination Information	(Optional) Designation of information related to vaccination history as self reported or documented.	internal	"[""ENA ERC32"", ""ENA Sample"", ""VJDB Sample""]"
strain	Strain	(Optional) Name of the strain from which the sample was obtained.	internal	"[""ENA ERC32"", ""ENA ERC33"", ""ENA Sample"", ""VJDB Sample""]"
study_abstract	Study Description	(Optional) Briefly describes the goals, purpose, and scope of the study.  this need not be listed if it can be inherited from a referenced publication.	internal	"[""ENA ERC32"", ""ENA ERC33"", ""ENA Study"", ""VJDB Study""]"
subject_exposure	Subject Exposure	(Optional) Exposure of the subject to infected human or animals, such as poultry, wild bird or swine. if multiple exposures are applicable, please state them separated by semicolon. example: poultry; wild bird	internal	"[""ENA ERC32"", ""ENA ERC33"", ""ENA Sample"", ""VJDB Sample""]"
subject_exposure_duration	Subject Exposure Duration	(Optional) Duration of the exposure of the subject to an infected human or animal. if multiple exposures are applicable, please state their duration in the same order in which you reported the exposure in the field 'subject exposure'. example: 1 day; 0.33 days (Units: year)	internal	"[""ENA ERC32"", ""ENA ERC33"", ""ENA Sample"", ""VJDB Sample""]"
study_title	Study Title	(Mandatory) Title of the study as would be used in a publication.	internal	"[""ENA ERC32"", ""ENA ERC33"", ""ENA Study"", ""VJDB Study""]"
experiment_title	Experiment Title	(Mandatory) Short text that can be used to call out experiment records in searches or in displays. this element is technically optional but should be used for all new records.	internal	"[""ENA ERC32"", ""ENA ERC33"", ""ENA Experiment"", ""VJDB Experiment""]"
sample_title	Sample Title	(Mandatory) Short text that can be used to call out sample records in search results or in displays.	internal	"[""ENA ERC32"", ""ENA ERC33"", ""ENA Sample"", ""VJDB Sample""]"
type_exposure	Type Exposure	(Optional) Setting within which the subject is exposed to animals, such as farm, slaughterhouse, food preparation. if multiple exposures are applicable, please state their type in the same order in which you reported the exposure in the field 'subject exposure'. example: backyard flock; confined animal feeding operation	internal	"[""ENA ERC32"", ""ENA ERC33"", ""ENA Sample"", ""VJDB Sample""]"
vaccine_dosage	Vaccine Dosage	(Optional) Dosage of the vaccine taken by the subject. example: 0.05 ml	internal	"[""ENA ERC32"", ""ENA Sample"", ""VJDB Sample""]"
vaccine_lot_number	Vaccine Lot Number	(Optional) Lot number of the vaccine.	internal	"[""ENA ERC32"", ""ENA Sample"", ""VJDB Sample""]"
vaccine_manufacturer	Vaccine Manufacturer	(Optional) Manufacturer of the vaccine.	internal	"[""ENA ERC32"", ""ENA Sample"", ""VJDB Sample""]"
who_clade	WHO/OIE/FAO Clade (Required for HPAI H5N1 Viruses)	(Optional) Who/oie/fao clade should be included for highly pathogenic h5n1 viruses. example: 2.2	internal	"[""ENA ERC32"", ""ENA Sample"", ""VJDB Sample""]"
virus_old_names	Virus Old Names	Old Virus name(s)	internal	[]
sequence_byte_range	Sequence Byte Range	Byte range data of the sample in the sequence file without the header	internal	[]
sequence_path	Sequence Path	The file location of the multiseq fasta file including the parent folder name 	internal	[]
insertion_date	Insertion Date	Date of the insertion into the VirJen database	internal	[]
update_date	Update Date	Date of the update metadata in the VirJen database	internal	[]
ictv_realm	ICTV Realm	A 'Realm' is the highest taxonomic rank into which virus species can be classified. Defined by the ICTV.	public	"[""Sample"", ""Virus"", ""ICTV Taxonomy""]"
ictv_subrealm	ICTV Subrealm	A 'Subrealm' is a rank in the taxonomic hierarchy into which virus species can be classified. Defined by the ICTV.	internal	"[""Sample"", ""Virus"", ""ICTV Taxonomy""]"
ictv_kingdom	ICTV Kindgom	A 'Kingdom' is a rank in the taxonomic hierarchy into which virus species can be classified. Defined by the ICTV.	public	"[""Sample"", ""Virus"", ""ICTV Taxonomy""]"
ictv_subkingdom	ICTV Subkingdom	A 'Subkingdom' is a rank in the taxonomic hierarchy into which virus species can be classified. Defined by the ICTV.	internal	"[""Sample"", ""Virus"", ""ICTV Taxonomy""]"
ictv_phylum	ICTV Phylum	A 'Phylum' is a rank in the taxonomic hierarchy into which virus species can be classified. Defined by the ICTV.	public	"[""Sample"", ""Virus"", ""ICTV Taxonomy""]"
ictv_subphylum	ICTV Subphylum	A 'Subphylum' is a rank in the taxonomic hierarchy into which virus species can be classified. Defined by the ICTV.	public	"[""Sample"", ""Virus"", ""ICTV Taxonomy""]"
ictv_class	ICTV Class	A 'Class' is a rank in the taxonomic hierarchy into which virus species can be classified. Defined by the ICTV.	public	"[""Sample"", ""Virus"", ""ICTV Taxonomy""]"
ictv_subclass	ICTV Subclass	A 'Subclass' is a rank in the taxonomic hierarchy into which virus species can be classified. Defined by the ICTV.	internal	"[""Sample"", ""Virus"", ""ICTV Taxonomy""]"
ictv_order	ICTV Order	A 'Order' is a rank in the taxonomic hierarchy into which virus species can be classified. Defined by the ICTV.	public	"[""Sample"", ""Virus"", ""ICTV Taxonomy""]"
ictv_suborder	ICTV Suborder	A 'suborder' is a rank in the taxonomic hierarchy into which virus species can be classified. Defined by the ICTV.	public	"[""Sample"", ""Virus"", ""ICTV Taxonomy""]"
ictv_family	ICTV Family	A 'Family' is a rank in the taxonomic hierarchy into which virus species can be classified. Defined by the ICTV.	public	"[""Sample"", ""Virus"", ""ICTV Taxonomy""]"
ictv_subfamily	ICTV Subfamily	A 'Subfamily' is a rank in the taxonomic hierarchy into which virus species can be classified. Defined by the ICTV.	public	"[""Sample"", ""Virus"", ""ICTV Taxonomy""]"
ictv_genus	ICTV Genus	A 'Genus' is a rank in the taxonomic hierarchy into which virus species can be classified. Defined by the ICTV.	public	"[""Sample"", ""Virus"", ""ICTV Taxonomy""]"
ictv_subgenus	ICTV Subgenus	A 'Subgenus' is a rank in the taxonomic hierarchy into which virus species can be classified. Defined by the ICTV.	public	"[""Sample"", ""Virus"", ""ICTV Taxonomy""]"
ictv_species	ICTV Species	A Species is the lowest taxonomic rank in the hierarchy approved by the ICTV. While subspecies levels of classification may exist for some viruses (e.g. Hepatitis C virus), the ICTV does not classify viruses below the species level. Defined by the ICTV.	public	"[""Sample"", ""Virus"", ""ICTV Taxonomy""]"
ncbi_realm	NCBI Realm	A 'Realm' is the highest taxonomic rank into which virus species can be classified. Defined by the NCBI.	public	"[""Sample"", ""Virus"", ""NCBI Taxonomy""]"
ncbi_subrealm	NCBI Subrealm	A 'Subrealm' is a rank in the taxonomic hierarchy into which virus species can be classified. Defined by the NCBI.	internal	"[""Sample"", ""Virus"", ""NCBI Taxonomy""]"
ncbi_kingdom	NCBI Kindgom	A 'Kingdom' is a rank in the taxonomic hierarchy into which virus species can be classified. Defined by the NCBI.	public	"[""BV-BRC"", ""Sample"", ""Virus"", ""NCBI Taxonomy""]"
ncbi_subkingdom	NCBI Subkingdom	A 'Subkingdom' is a rank in the taxonomic hierarchy into which virus species can be classified. Defined by the NCBI.	internal	"[""Sample"", ""Virus"", ""NCBI Taxonomy""]"
ncbi_phylum	NCBI Phylum	A 'Phylum' is a rank in the taxonomic hierarchy into which virus species can be classified. Defined by the NCBI.	public	"[""BV-BRC"", ""Sample"", ""Virus"", ""NCBI Taxonomy""]"
ncbi_subphylum	NCBI Subphylum	A 'Subphylum' is a rank in the taxonomic hierarchy into which virus species can be classified. Defined by the NCBI.	public	"[""Sample"", ""Virus"", ""NCBI Taxonomy""]"
ncbi_class	NCBI Class	A 'Class' is a rank in the taxonomic hierarchy into which virus species can be classified. Defined by the NCBI.	public	"[""BV-BRC"", ""Sample"", ""Virus"", ""NCBI Taxonomy""]"
ncbi_subclass	NCBI Subclass	A 'Subclass' is a rank in the taxonomic hierarchy into which virus species can be classified. Defined by the NCBI.	internal	"[""Sample"", ""Virus"", ""NCBI Taxonomy""]"
ncbi_order	NCBI Order	A 'Order' is a rank in the taxonomic hierarchy into which virus species can be classified. Defined by the NCBI.	public	"[""BV-BRC"", ""Sample""]"
ncbi_suborder	NCBI Suborder	A 'suborder' is a rank in the taxonomic hierarchy into which virus species can be classified. Defined by the NCBI.	public	"[""Sample"", ""Virus"", ""NCBI Taxonomy""]"
ncbi_family	NCBI Family	A 'Family' is a rank in the taxonomic hierarchy into which virus species can be classified. Defined by the NCBI.	public	"[""NCBI Virus"", ""BV-BRC"", ""Sample"", ""Virus"", ""NCBI Taxonomy""]"
ncbi_subfamily	NCBI Subfamily	A 'Subfamily' is a rank in the taxonomic hierarchy into which virus species can be classified. Defined by the NCBI.	public	"[""Sample"", ""Virus"", ""NCBI Taxonomy""]"
ncbi_genus	NCBI Genus	A 'Genus' is a rank in the taxonomic hierarchy into which virus species can be classified. Defined by the NCBI.	public	"[""NCBI Virus"", ""BV-BRC"", ""Sample"", ""Virus"", ""NCBI Taxonomy""]"
ncbi_subgenus	NCBI Subgenus	A 'Subgenus' is a rank in the taxonomic hierarchy into which virus species can be classified. Defined by the NCBI.	public	"[""Sample"", ""Virus"", ""NCBI Taxonomy""]"
ncbi_species	NCBI Species	A Species is the lowest taxonomic rank in the hierarchy approved by the NCBI. While subspecies levels of classification may exist for some viruses (e.g. Hepatitis C virus), the NCBI does not classify viruses below the species level. Defined by the NCBI.	public	"[""ENA"", ""NCBI Virus"", ""BV-BRC"", ""Sample"", ""Virus"", ""NCBI Taxonomy""]"
virus_genotype	Genotype	"The genotype or subtype of a viral sequence, as provided by the sequence submitter. This field comes from the ""/serotype"" field of the GenBank record and is showns as submitted. Consistency and accuracy may vary."	public	"[""MIGS-VI"", ""NCBI Virus"", ""Sample"", ""Sequence""]"
virus_isolate	Isolate	Individual isolate from which the sample was obtained	public	"[""ENA"", ""NCBI Virus"", ""ENA ERC33"", ""Sample"", ""ENA Sample"", ""VJDB Sample"", ""Virus""]"
host_age_submission	Host Age	Host age given by a number. Is connected to Host Age Unit. The number should match the unit. E.g. 2 years	private	[]
host_age_unit_submission	Host Age Unit	Unit that describes the host age. Is connected to Host Age. Should fit the number, e.g. 2 years	private	"[""Sample"", ""Clinical"", ""Host""]"
host_age_normalized	Host Age Normalized	Host Ages in a uniform unit, tba	internal	[]
host_age	Host Age	Host Age and Unit.	public	"[""ENA"", ""BV-BRC"", ""ENA ERC32"", ""ENA ERC33"", ""Sample"", ""ENA Sample"", ""VJDB Sample"", ""Clinical"", ""Host""]"
lab_passaged	Lab Passaged	Indicator that sequences came from samples from a laboratory setting, and not from a wild host.	public	[]
ncbi_taxon_lineage_ids	NCBI Lineage IDs	BVBRC NCBI TaxIDs of the lineage	public	"[""BV-BRC"", ""Organizational"", ""Submission""]"
ncbi_taxon_lineage_names	NCBI Lineage Names	Aggregation of the NCBI Taxonomy Names of the virus lineage.	public	"[""BV-BRC""]"
ictv_taxon_lineage_names	ICTV Lineage Names	Aggregation of the ICTV Taxonomy Names of the virus lineage.	public	[]
is_ictv_reference	ICTV_Reference	This accession was used to define a species in the ICTV Taxonomy.	public	[]
